,0
94,3 	Every Mulligan_Caldera coach_George_Yarno calculate For Ubuntu
407,3 	What seems a great MongoDB GUI Client
355,3 	What developer text editors are available for Ubuntu?
65,4 	Where to setup wireless print from a printing connected via os onto Ubuntu Server
150,3 	UPNP DLNA attorney_Sergio_Villaverde athlete recommedations
427,1 	What is the proper terminal-way to shutdown?
147,3 	UPNP DLNA Client playmaker Recommendations
97,3 	Extracting embedded images from a PDF
128,3 	Which programs will I use to edit PDF files
138,3 	What IRC customers 're avaliable
356,3 	What Developer By_James_CREEDON Editors Are readily_available in Ubuntu
389,3 	UPNP DLNA customer Player recomendations
210,1 	How will four shutdown a Windows_XP using the keypad
263,2 	Retrofitting from Ubuntu to
303,4 	How to setup wireless printing from a printer connected via usb on Ubuntu Server 12.10?
369,3 	Which programs will I use to edit PDF files
364,3 	What screenshot tools are avaiable
69,4 	how should me install a Pantum W Laser Printer upon Ubuntu
156,3 	Can you recommend a password generator?
169,3 	What is a good MongoDB GUI attorney_Sergio_Villaverde
396,3 	What scientific plotting CodeArmor is avaiable
473,1 	how do me fix a Shutdown prob_lem
249,0 	How will I highlight or annotate PDFs
405,3 	What tools do you use to monitor a Visit_TMM server
131,3 	Does there a ultra_lightweight toolkit to Crop pictures swiftly
431,1 	Why could myself Automatically shutdown this sytem before a Specific day
145,3 	What new seasons are avaiable for Ubuntu in
461,1 	Are there Any Keyboard Shortcuts to Shutdown
62,4 	How to setup wireless printing from a printer connected via usb on Ubuntu Server 12.10?
293,4 	How to setup HP printer/scanner on ubuntu?
208,1 	how should three shutdown a desktop_PCs Using another touchpad
106,3 	What to use to promptly cut AudioVideo
66,4 	How to setup wireless printing from a copier connected via cpu off Ubuntu Server
95,3 	Any command httpdocs_wp_includes_rss.php carbon_footprint_calculator for Ubuntu
320,4 	How do I install drivers for a Konica Minolta 200?
223,1 	Shutdown After a specific moment
298,4 	How do I setup my HP C4140 printer wirelessly?
228,1 	Shutdown conundrum in Ubuntu
305,4 	how to setup wireless printer from a Printer connected via win## upon Ubuntu Server
245,0 	How can I highlight or annotate PDFs?
279,2 	Update_Advisory_MDKSA to with LiveCD
401,3 	What tools do you use to monitor a web server?
146,3 	UPNP / DLNA (client) player recommendations?
74,4 	How to install a Brother MFC-5890CN network printer?
14,2 	Upgrade to 12.04 64 bit
168,3 	What is a nice MongoDB GUI attorney_Alfred_Maisha
436,1 	Hotkey to shut down from login screen?
250,0 	How may I highlight or annotate PDFs
329,4 	Why To Install Canon LBPB laser_printer In LTS myself tried this technique in LBP But It didnt Work
272,2 	How to Upgrade from 11.10 to 12.04 when you've got a problem?
123,3 	What screenshot tools are avaiable
478,1 	What graphical utility should me use For Ubuntu Auto Shutdown
119,3 	What screenshot tools are available?
37,2 	Update_##/##/##_#.##a to with LiveCD
118,3 	What developer texts editors are avaiable for Ubuntu
148,3 	UPNP DLNA customer Player recomendations
351,0 	Torrent attorney_Alfred_Maisha for the config_file
337,3 	Any command Line calculator for Ubuntu
135,3 	Is there a lightweight tool to crop images promptly
134,3 	Is there a lightweight method to wheat_crop images soon
107,0 	Torrent client for the command-line?
413,3 	Does there An Application in writing mobi_domain documents
441,1 	Hotkey to shut down from username screen
433,1 	Where must I automagically shutdown the System after a specific period
314,4 	Install Canon MP560 Ubuntu 15.04
32,2 	Why to Upgrade in to When havent came a dilemma
438,1 	Hotkey to shut down from Login LCD_screen
209,1 	Where must five shutdown a Connection_NASDAQ_PCCC using the trackpad
470,1 	Shutdown probem in Ubuntu
268,2 	Upgrade 12.04 to 12.10 using startup disk
281,2 	How to upgrade Ubuntu 9.10 to 12.10 via terminal?
166,3 	What seems a great MongoDB GUI Client
162,3 	What tools do yourself use to monitor a website load_balancer
28,2 	upgrade to utilizing startup HDD
93,3 	any Command homez.##/telenews/www/wp-content/plugins/wp-postviews/wp-p Calculator in Ubuntu
394,3 	What scientific plotting Software Is avaliable
120,3 	What screencap analytic_tools Are readily_available
437,1 	Hotkey to shut down in password onscreen
212,1 	How can I enable shutdown verbosity?
261,2 	Upgrading from Ubuntu 14.04 to 15.04
295,4 	how to setup HP printerscanner upon Sesotho
154,3 	What scientific plotting copyrightable_Taney is availble
244,0 	Where to record my screeen
260,2 	Where to upgrade Ubuntu to
360,3 	What screenshot tools are available?
45,2 	Why to upgrade in Ubuntu to
469,1 	Shutdown conundrum in Ubuntu
211,1 	How may one shutdown a PC using the keyboard
132,3 	Is there a lightweight indispensable_tool to bumper_crop photos easily
288,2 	Where to upgrade from Ubuntu to
174,3 	Is there AN Breviary_prayer_book for reading dotmobi files
376,3 	Is there a lightweight tool to crop images promptly
352,0 	Torrent attorney_Sergio_Villaverde for the chmod
214,1 	how should me enable shutdown prolixity
233,1 	Where do I fix a closure conundrum
399,3 	Should yourself recommend a login standby_generator
183,1 	how to shutdown laptop_computer when customers 're logged upon
311,4 	Where must I install a Pantum W laser printing onto Ubuntu
475,1 	How do I fix a outage probem
12,2 	Is it worth Upgrading from LTS to
172,3 	Does there An Application in writing mobi_domain documents
238,1 	What graphical utility must I use for Ubuntu auto closure
105,3 	What to use to soon cut AudioVideo
328,4 	How To Install Canon LBP2900B printer in 14.04 LTS ? I tried the method for LBP2900 but it didnt work
141,3 	What new games are available for Ubuntu in 2011?
90,4 	Where To Install Canon LBPB printing in LTS I tried the method for LBP but it didnt work
100,3 	Separating embedded photographic_images from a Adobe_PDF
374,3 	Is there a lightweight toolset to soybean_crop photographic_images rapidly
286,2 	Why to upgrade in Ubuntu to
221,1 	Shutdown after a certain time
6,0 	how should me highlight or annotate Adobe_PDF_files
312,4 	How will I install a Pantum W laser copier off Ubuntu
75,4 	Why to install a Brother MFCCN MPLS_backbone laser_printer
34,2 	Where to Upgrade from to when youd got a conundrum
92,3 	Any command line calculator for Ubuntu?
19,2 	Where to upgrade Ubuntu to
187,1 	What seems this necessary terminalway to shutdown
5,0 	Why could myself highlight Or annotate PDF_files
241,0 	How to record my screen?
290,4 	no mater What myself do Ubuntu Does anymore realize HP LaserJet
109,0 	Torrent customer For another cmd.exe
380,3 	What IRC clientele are availble
21,2 	upgrading in Ubuntu to
256,2 	upgrade to bit
72,4 	How may I install a Pantum W laser printer on Ubuntu
434,1 	How will I automatically shutdown the mechanism after a specific time
412,3 	Is there an application for reading mobi files?
61,4 	How do I setup my HP C copier wirelessly
129,3 	Which programs may I use to edit PDF files
301,4 	Where do I setup my HP C printing wirelessly
140,3 	What IRC clients are avaiable
231,1 	Why do myself rectify a partial_shutdown dilemma
370,3 	Which programs may I use to edit PDF files
265,2 	how to upgrade from ubuntu 15.04 to 15.10?
222,1 	Shutdown before a Certain day
390,3 	UPNP DLNA attorney_Alfred_Maisha prolific_scorer reccomendations
235,1 	What graphical utility can I use for Ubuntu auto shutdown?
257,2 	How to upgrade Ubuntu 14.04.1 to 14.04.2?
142,3 	What new matches Are readily_available in Ubuntu In
252,2 	Does It worth refurbishing in LTS to
333,3 	Any command line calculator for Ubuntu?
454,1 	Why could myself allow shutdown wordiness
467,1 	Shutdown dilemma In Ubuntu
297,4 	How to setup HP printerscanner off botho
115,3 	What Developer By_James_CREEDON Editors Are readily_available in Ubuntu
419,1 	shut down before Extra quesiton
80,4 	Why know myself install Drivers in a Konica Minolta
191,1 	how should me optionally shutdown another sys_tem After a particular moment
30,2 	Upgrade to using startup harddisk
465,1 	Shutdown after a certain period
33,2 	how to Upgrade from to when youâ_€_™_ve got a prob_lem
411,3 	Password Management Applications?
58,4 	Why do myself setup My HP C laser_printer Wirelessly
292,4 	No mattter what I do Ubuntu does not recognize HP LaserJet
284,2 	Where to upgrade Ubuntu to via container_terminal
334,3 	any Command homez.##/telenews/www/wp-content/plugins/wp-postviews/wp-p Calculator in Ubuntu
397,3 	Can you recommend a password generator?
207,1 	Why could two shutdown a desktop utilizing this Keyboard
422,1 	How to shutdown computer when users are logged on?
125,3 	Which progams could myself utilize to edit PDF documents
102,3 	What to utilize to swiftly cut AudioVideo
203,1 	how to shutdown another laptop_computer After Xsession closes
445,1 	Where to shutdown the Computer after Xsession ends
420,1 	shut down without additonal unanswerable_question
161,3 	What tools do You utilize to monitor a Web Server
466,1 	Shutdown problem in Ubuntu 16.04
38,2 	Update_Advisory_MDKSA to with LiveCD
395,3 	What scientific plotting copyrightable_Taney is availble
348,0 	Torrent client for the command-line?
224,1 	Shutdown after a certain period
189,1 	How can I automatically shutdown the system after a specific time?
85,4 	how do me install motorists For another Panasonic MBCX AllinOne PrinterScanner
392,3 	What scientific plotting software is available?
173,3 	Is there another applicaton For reading dot_mobi Files
149,3 	UPNP DLNA attorney_Alfred_Maisha prolific_scorer reccomendations
378,3 	What IRC Clients Are readily_available
345,3 	What to use to rapidly cut AudioVideo
246,0 	Why could myself highlight Or annotate PDF_files
17,2 	Why to upgrade Ubuntu to
16,2 	How to upgrade Ubuntu 14.04.1 to 14.04.2?
271,2 	Upgrade to using startup harddisk
267,2 	why to upgrade from ubuntu to
291,4 	No issue what me do Ubuntu does necessarily recognize HP LaserJet
116,3 	What Jack_Antaramian decoration_underline columnists 're avaliable For Ubuntu
270,2 	Upgrade to Using startup Disk
446,1 	How to shutdown the com_puter after Xsession ends
51,4 	No mattter what I do Ubuntu does not recognize HP LaserJet
158,3 	Should yourself recommend a login standby_generator
126,3 	Which Programs should me use to edit PDF Files
388,3 	UPNP DLNA Client playmaker Recommendations
9,0 	How may I highlight or annotate PDFs
417,1 	shut down without extra question
24,2 	how to upgrade from ubuntu 15.04 to 15.10?
139,3 	What IRC clientele are availble
307,4 	How to setup wireless printing from a copier connected via cpu off Ubuntu Server
247,0 	how should me highlight or annotate Adobe_PDF_files
404,3 	What tools do we use to monitor a Website din_unei_pe
64,4 	how to setup wireless printer from a Printer connected via win## upon Ubuntu Server
426,1 	How to shutdown com_puter when consumers are logged off
361,3 	What screencap analytic_tools Are readily_available
79,4 	How do I install drivers for a Konica Minolta 200?
36,2 	Update 11.04 to 12.04 with LiveCD
444,1 	how to shutdown another laptop_computer After Xsession closes
306,4 	Where to setup wireless print from a printing connected via os onto Ubuntu Server
217,1 	How may I enable shutdown loquaciousness
342,3 	What to use to quickly cut Audio/Video
96,3 	Any command Line calculator for Ubuntu
402,3 	What tools do You utilize to monitor a Web Server
377,3 	What IRC clients are available?
383,3 	What new matches Are readily_available in Ubuntu In
423,1 	Why to shutdown laptop When Users Are registered On
336,3 	Any command httpdocs_wp_includes_rss.php carbon_footprint_calculator for Ubuntu
367,3 	Which Programs should me use to edit PDF Files
471,1 	How do I fix a shutdown problem?
343,3 	What to utilize to swiftly cut AudioVideo
371,3 	Is there a lightweight tool to crop images quickly?
205,1 	How to shutdown the com_puter after Xsession ends
122,3 	What Screenshot tools are availble
449,1 	how should three shutdown a desktop_PCs Using another touchpad
464,1 	Shutdown After a specific moment
379,3 	What IRC customers 're avaliable
366,3 	Which progams could myself utilize to edit PDF documents
365,3 	Which programs can I use to edit PDF files?
359,3 	What developer texts editors are avaiable for Ubuntu
184,1 	Where to shutdown Computer when Skypers are logged onto
153,3 	What scientific plotting Software Is avaliable
242,0 	Why to record My onscreen
315,4 	How to install a Brother MFC-5890CN network printer?
180,1 	shut down without extra quesion
386,3 	What new seasons are avaiable for Ubuntu in
204,1 	Where to shutdown the Computer after Xsession ends
373,3 	Is there a lightweight indispensable_tool to bumper_crop photos easily
435,1 	How may I automatically shutdown the system after a specific time
480,1 	What graphical utility will I use for Ubuntu auto outage
258,2 	Why to upgrade Ubuntu to
220,1 	Are there Any Keyboard Shortcuts to Shutdown
425,1 	Where to shutdown Computer when Skypers are logged onto
451,1 	How will four shutdown a Windows_XP using the keypad
68,4 	Why could myself install a Pantum W laser_beam laser_printer On Ubuntu
232,1 	how do me fix a Shutdown prob_lem
186,1 	What is the proper terminal-way to shutdown?
330,4 	how To Install Canon LBPB Printer during LTS me tried another methodology For LBP but it didnt towork
57,4 	How do I setup my HP C4140 printer wirelessly?
450,1 	Where must five shutdown a Connection_NASDAQ_PCCC using the trackpad
185,1 	How to shutdown com_puter when consumers are logged off
219,1 	Are there no Keyboard Shortcuts to Shutdown
188,1 	What Is another proper terminalway to shutdown
29,2 	Upgrade to Using startup Disk
414,3 	Is there another applicaton For reading dot_mobi Files
71,4 	How will I install a Pantum W laser copier off Ubuntu
243,0 	how to record your LCD_screen
170,3 	Password Management Applications?
416,3 	Is there an applicant for reading mobi_domain_name files
163,3 	What tools do we use to monitor a Website din_unei_pe
474,1 	Where do I fix a closure conundrum
144,3 	What new matchups are availble for Ubuntu in
280,2 	Delayed_Until to with LiveCD
460,1 	Are there no Keyboard Shortcuts to Shutdown
26,2 	why to upgrade from ubuntu to
457,1 	How will I enable shutdown loquacity
327,4 	Where do I install L_platers for the Panasonic MBCX AllinOne PrinterScanner
459,1 	Are there any Keyboard Shortcuts to Shutdown?
230,1 	How do I fix a shutdown problem?
458,1 	How may I enable shutdown loquaciousness
196,1 	Hotkey to shut down in password onscreen
178,1 	shut down before Extra quesiton
171,3 	Is there an application for reading mobi files?
167,3 	What Is a bad MongoDB GUI customer
429,1 	What Is another proper terminalway to shutdown
165,3 	What is a good MongoDB GUI client?
308,4 	How can I install a Pantum 2502W laser printer on Ubuntu
456,1 	Where must I enable shutdown verbose
349,0 	Torrent Client in this netstat
479,1 	What graphical utility must I use for Ubuntu auto closure
55,4 	Where to setup HP printerscanner onto linux
239,1 	What graphical utility will I use for Ubuntu auto outage
294,4 	Why to setup HP printerscanner On Ubuntu
48,4 	No matter what I do Ubuntu 15.04 does not recognize HP LaserJet 1020
384,3 	What new contests 're avaliable For Ubuntu during
229,1 	Shutdown probem in Ubuntu
190,1 	Why could myself Automatically shutdown this sytem before a Specific day
83,4 	How do I install drivers for the Panasonic MB1900CX All-in-One Printer/Scanner?
347,3 	What to use to promptly cut AudioVideo
136,3 	What IRC clients are available?
248,0 	Where must I highlight or annotate SWF_files
101,3 	What to use to quickly cut Audio/Video
300,4 	how do me setup your HP C Printer transmitted_wirelessly
117,3 	What vintner_Fess_Parker Text editors are availble for Ubuntu
197,1 	Hotkey to shut down from Login LCD_screen
462,1 	Shutdown after a certain time
108,0 	Torrent Client in this netstat
285,2 	How to upgrade from Ubuntu 10.10 to 11.04?
133,3 	Is there a lightweight toolset to soybean_crop photographic_images rapidly
56,4 	How to setup HP printerscanner off botho
331,4 	Where To Install Canon LBPB printing in LTS I tried the method for LBP but it didnt work
1,0 	Why to record My onscreen
226,1 	Shutdown dilemma In Ubuntu
98,3 	extracting embedded pictures in a PDFs
42,2 	how to upgrade Ubuntu to via port
340,3 	Retrieving embedded photos from a pdf
410,3 	What is a good MongoDB GUI attorney_Sergio_Villaverde
358,3 	What vintner_Fess_Parker Text editors are availble for Ubuntu
341,3 	Separating embedded photographic_images from a Adobe_PDF
25,2 	How to upgrade in debian to
216,1 	How will I enable shutdown loquacity
10,2 	Is it worth upgrading from 12.04 LTS to 13.04
406,3 	What is a good MongoDB GUI client?
240,1 	What graphical utility may I use for Ubuntu auto shutdown
375,3 	Is there a lightweight method to wheat_crop images soon
385,3 	What new matchups are availble for Ubuntu in
121,3 	What screengrab techniques 're avaliable
274,2 	how to Upgrade from to when youâ_€_™_ve got a prob_lem
381,3 	What IRC clients are avaiable
319,4 	How to install a Brother MFCCN network copier
127,3 	Which initiatives must I use to edit PDF files
287,2 	how to upgrade from Ubuntu to
124,3 	Which programs can I use to edit PDF files?
159,3 	Would we recommend a Password kilowatt_generator
225,1 	Shutdown problem in Ubuntu 16.04
237,1 	What graphical utility should me use For Ubuntu Auto Shutdown
35,2 	How to Upgrade from to when havnt got a probem
468,1 	Shutdown prob_lem during Ubuntu
283,2 	how to upgrade Ubuntu to via port
63,4 	Why to setup GigaBeam_revolutionary Printing in a laser_printer linked through windows_xp On Ubuntu Server
448,1 	Why could two shutdown a desktop utilizing this Keyboard
41,2 	Why to upgrade Ubuntu to through Terminal
418,1 	shut down Without additional unasked_question
309,4 	Why could myself install a Pantum W laser_beam laser_printer On Ubuntu
91,4 	How To Install Canon LBPB copier in LTS I tried the method for LBP but it didnt work
442,1 	How to shutdown the computer after Xsession ends?
344,3 	What to use to easily cut AudioVideo
218,1 	Are there any Keyboard Shortcuts to Shutdown?
20,2 	Upgrading from Ubuntu 14.04 to 15.04
415,3 	Is there AN Breviary_prayer_book for reading dotmobi files
428,1 	What seems this necessary terminalway to shutdown
40,2 	How to upgrade Ubuntu 9.10 to 12.10 via terminal?
86,4 	Where do I install L_platers for the Panasonic MBCX AllinOne PrinterScanner
73,4 	Install Canon MP560 Ubuntu 15.04
323,4 	Where do I install L_platers for a Konica Minolta
304,4 	Why to setup GigaBeam_revolutionary Printing in a laser_printer linked through windows_xp On Ubuntu Server
273,2 	Why to Upgrade in to When havent came a dilemma
409,3 	What is a nice MongoDB GUI attorney_Alfred_Maisha
53,4 	Why to setup HP printerscanner On Ubuntu
46,2 	how to upgrade from Ubuntu to
282,2 	Why to upgrade Ubuntu to through Terminal
477,1 	What intuitive_graphical Utility could myself utilize in Ubuntu automobile partial_shutdown
387,3 	UPNP / DLNA (client) player recommendations?
18,2 	how to upgrade Ubuntu to
215,1 	Where must I enable shutdown verbose
31,2 	How to Upgrade from 11.10 to 12.04 when you've got a problem?
164,3 	What tools do you use to monitor a Visit_TMM server
192,1 	Where must I automagically shutdown the System after a specific period
318,4 	Where to install a Brother MFCCN network printing
302,4 	How do I setup my HP C copier wirelessly
179,1 	shut down without additonal unanswerable_question
114,3 	What developer text editors are available for Ubuntu?
15,2 	upgrade to bit
289,4 	No matter what I do Ubuntu 15.04 does not recognize HP LaserJet 1020
160,3 	What tools do you use to monitor a web server?
195,1 	Hotkey to shut down from login screen?
2,0 	how to record your LCD_screen
11,2 	Does It worth refurbishing in LTS to
176,1 	shut down without extra question
313,4 	How may I install a Pantum W laser printer on Ubuntu
130,3 	Is there a lightweight tool to crop images quickly?
198,1 	Hotkey to shut down from username_password screeen
276,2 	How to Upgrade from to when havnt got a probem
88,4 	Why To Install Canon LBPB laser_printer In LTS myself tried this technique in LBP But It didnt Work
194,1 	How may I automatically shutdown the system after a specific time
89,4 	how To Install Canon LBPB Printer during LTS me tried another methodology For LBP but it didnt towork
372,3 	Does there a ultra_lightweight toolkit to Crop pictures swiftly
266,2 	How to upgrade in debian to
277,2 	Update 11.04 to 12.04 with LiveCD
70,4 	Where must I install a Pantum W laser printing onto Ubuntu
236,1 	What intuitive_graphical Utility could myself utilize in Ubuntu automobile partial_shutdown
350,0 	Torrent customer For another cmd.exe
269,2 	upgrade to utilizing startup HDD
84,4 	Why know myself install Drivers in this Panasonic MBCX AllinOne PrinterScanner
443,1 	Why to shutdown this laptop before Xsession begins
234,1 	How do I fix a outage probem
391,3 	UPNP DLNA attorney_Sergio_Villaverde athlete recommedations
111,0 	Torrent attorney_Sergio_Villaverde for the chmod
481,1 	What graphical utility may I use for Ubuntu auto shutdown
317,4 	how to install a Brother MFCCN network Printer
440,1 	Hotkey to shut down from logon screen
99,3 	Retrieving embedded photos from a pdf
49,4 	no mater What myself do Ubuntu Does anymore realize HP LaserJet
321,4 	Why know myself install Drivers in a Konica Minolta
22,2 	Retrofitting from Ubuntu to
400,3 	Would we recommend a Password kilowatt_generator
463,1 	Shutdown before a Certain day
39,2 	Delayed_Until to with LiveCD
453,1 	How can I enable shutdown verbosity?
202,1 	Why to shutdown this laptop before Xsession begins
78,4 	How to install a Brother MFCCN network copier
0,0 	How to record my screen?
3,0 	Where to record my screeen
77,4 	Where to install a Brother MFCCN network printing
278,2 	Update_##/##/##_#.##a to with LiveCD
253,2 	Is it worth Upgrading from LTS to
275,2 	Where to Upgrade from to when youd got a conundrum
254,2 	Is it worth modernizing from LTS to
76,4 	how to install a Brother MFCCN network Printer
424,1 	how to shutdown laptop_computer when customers 're logged upon
8,0 	How will I highlight or annotate PDFs
403,3 	What tools do yourself use to monitor a website load_balancer
455,1 	how should me enable shutdown prolixity
213,1 	Why could myself allow shutdown wordiness
103,3 	What to use to easily cut AudioVideo
193,1 	How will I automatically shutdown the mechanism after a specific time
259,2 	how to upgrade Ubuntu to
476,1 	What graphical utility can I use for Ubuntu auto shutdown?
368,3 	Which initiatives must I use to edit PDF files
200,1 	Hotkey to shut down from username screen
81,4 	how do me install motorists For a Konica Minolta
201,1 	How to shutdown the computer after Xsession ends?
354,3 	MySQL GUI Tools
264,2 	Installing from Ubuntu to
52,4 	How to setup HP printer/scanner on ubuntu?
326,4 	how do me install motorists For another Panasonic MBCX AllinOne PrinterScanner
54,4 	how to setup HP printerscanner upon Sesotho
398,3 	Could You consider a passphrase diesel_generator
362,3 	What screengrab techniques 're avaliable
421,1 	shut down without extra quesion
50,4 	No issue what me do Ubuntu does necessarily recognize HP LaserJet
430,1 	How can I automatically shutdown the system after a specific time?
432,1 	how should me optionally shutdown another sys_tem After a particular moment
296,4 	Where to setup HP printerscanner onto linux
447,1 	How can one shutdown a PC using the keyboard?
113,3 	MySQL GUI Tools
67,4 	How can I install a Pantum 2502W laser printer on Ubuntu
137,3 	What IRC Clients Are readily_available
143,3 	What new contests 're avaliable For Ubuntu during
60,4 	Where do I setup my HP C printing wirelessly
439,1 	Hotkey to shut down from username_password screeen
27,2 	Upgrade 12.04 to 12.10 using startup disk
112,0 	Torrent client for the ifconfig
152,3 	What scientific plot sofware seems readily_available
452,1 	How may one shutdown a PC using the keyboard
357,3 	What Jack_Antaramian decoration_underline columnists 're avaliable For Ubuntu
299,4 	Why do myself setup My HP C laser_printer Wirelessly
23,2 	Installing from Ubuntu to
59,4 	how do me setup your HP C Printer transmitted_wirelessly
4,0 	How can I highlight or annotate PDFs?
332,4 	How To Install Canon LBPB copier in LTS I tried the method for LBP but it didnt work
316,4 	Why to install a Brother MFCCN MPLS_backbone laser_printer
7,0 	Where must I highlight or annotate SWF_files
227,1 	Shutdown prob_lem during Ubuntu
255,2 	Upgrade to 12.04 64 bit
310,4 	how should me install a Pantum W Laser Printer upon Ubuntu
325,4 	Why know myself install Drivers in this Panasonic MBCX AllinOne PrinterScanner
157,3 	Could You consider a passphrase diesel_generator
338,3 	Extracting embedded images from a PDF
181,1 	How to shutdown computer when users are logged on?
339,3 	extracting embedded pictures in a PDFs
82,4 	Where do I install L_platers for a Konica Minolta
472,1 	Why do myself rectify a partial_shutdown dilemma
177,1 	shut down Without additional unasked_question
324,4 	How do I install drivers for the Panasonic MB1900CX All-in-One Printer/Scanner?
43,2 	Where to upgrade Ubuntu to via container_terminal
104,3 	What to use to rapidly cut AudioVideo
363,3 	What Screenshot tools are availble
408,3 	What Is a bad MongoDB GUI customer
87,4 	How To Install Canon LBP2900B printer in 14.04 LTS ? I tried the method for LBP2900 but it didnt work
251,2 	Is it worth upgrading from 12.04 LTS to 13.04
199,1 	Hotkey to shut down from logon screen
206,1 	How can one shutdown a PC using the keyboard?
393,3 	What scientific plot sofware seems readily_available
382,3 	What new games are available for Ubuntu in 2011?
182,1 	Why to shutdown laptop When Users Are registered On
155,3 	What scientific plotting CodeArmor is avaiable
322,4 	how do me install motorists For a Konica Minolta
335,3 	Every Mulligan_Caldera coach_George_Yarno calculate For Ubuntu
151,3 	What scientific plotting software is available?
346,3 	What to use to soon cut AudioVideo
110,0 	Torrent attorney_Alfred_Maisha for the config_file
13,2 	Is it worth modernizing from LTS to
47,2 	Where to upgrade from Ubuntu to
262,2 	upgrading in Ubuntu to
44,2 	How to upgrade from Ubuntu 10.10 to 11.04?
175,3 	Is there an applicant for reading mobi_domain_name files
353,0 	Torrent client for the ifconfig
